<?xml version='1.0' encoding='UTF-8'?>
<!DOCTYPE refentry PUBLIC "-//OASIS//DTD DocBook XML V4.5//EN"
"http://www.oasis-open.org/docbook/xml/4.5/docbookx.dtd" [

	  <!-- Fill in your name for FIRSTNAME and SURNAME. -->
	  <!ENTITY dhfirstname "Cleto">
	  <!ENTITY dhsurname   "Martin">
	  <!ENTITY dhusername  "Cleto Martin Angelina">
	  <!ENTITY dhemail     "cleto.martin@gmail.com">
	  <!ENTITY dhsection   "6">
	  <!ENTITY dhtitle     "Linthesia User Manual">
	  <!ENTITY dhucpackage "LINTHESIA">
	  <!ENTITY dhpackage   "linthesia">
	  ]>

<refentry>
  <refentryinfo>
    <title>&dhtitle;</title>
    <productname>&dhpackage;</productname>
    <authorgroup>
      <author>
	<firstname>&dhfirstname;</firstname>
        <surname>&dhsurname;</surname>
        <contrib>Wrote this manpage for the Debian system.</contrib>
        <address>
          <email>&dhemail;</email>
        </address>
      </author>
    </authorgroup>
    <copyright>
      <year>2009</year>
      <holder>&dhusername;</holder>
    </copyright>
    <legalnotice>
      <para>This manual page was written for the Debian system
        (and may be used by others).</para>
      <para>Permission is granted to copy, distribute and/or modify this
        document under the terms of the GNU General Public License,
        Version 3 or (at your option) any later version published by
        the Free Software Foundation.</para>
      <para>On Debian systems, the complete text of the GNU General Public
        License can be found in
        <filename>/usr/share/common-licenses/GPL-3</filename>.</para>
    </legalnotice>
  </refentryinfo>
  <refmeta>
    <refentrytitle>&dhucpackage;</refentrytitle>
    <manvolnum>&dhsection;</manvolnum>
  </refmeta>
  <refnamediv>
    <refname>&dhpackage;</refname>
    <refpurpose>Fork of Synthesia to GNU/Linux.</refpurpose>
  </refnamediv>
  <refsynopsisdiv>
    <cmdsynopsis>
      <command>&dhpackage;</command>
    </cmdsynopsis>
  </refsynopsisdiv>
  <refsect1 id="description">
    <title>DESCRIPTION</title>
    <para>Synthesia is a software which teaches you to play piano using
      piano-roll-style falling notes with any MIDI file, available under
      Windows and Mac.</para>
    <para>This manual page was written for the Debian distribution
      because the original program does not have a manual page.
      Instead, it has documentation in the GNU <citerefentry>
        <refentrytitle>info</refentrytitle>
        <manvolnum>1</manvolnum>
      </citerefentry> format; see below.</para>
  </refsect1>
</refentry>

